label,score
1.0,0.9952325224876404
1.0,0.9999816417694092
0.0,0.9275281429290771
1.0,0.9948181509971619
1.0,0.9986373782157898
1.0,0.9947243332862854
0.0,0.6782922744750977
1.0,0.9598806500434875
0.0,0.745984673500061
1.0,0.9993072748184204
1.0,0.9998555183410645
0.0,0.9605082869529724
0.0,0.6626001596450806
1.0,0.9634742736816406
1.0,0.9986883997917175
1.0,0.6721563339233398
0.0,0.8129891157150269
1.0,0.9936467409133911
1.0,0.9021604061126709
